"deviceId","ts","g_i","h_i","p_i","t_i"
"test_0914","1759662469","58480800","394","10095","3310"
"test_0914","1759662473","58380800","394","10095","3310"
"test_0914","1759662474","58330900","393","10095","3310"
"test_0914","1759662475","58581200","393","10095","3310"
"test_0914","1759662477","58531000","393","10095","3309"
"test_0914","1759662478","58833600","393","10095","3309"
"test_0914","1759662480","58783000","393","10095","3309"
"test_0914","1759662481","58281100","393","10095","3309"
"test_0914","1759662482","58581200","393","10095","3309"
"test_0914","1759662483","58181800","393","10095","3309"
"test_0914","1759662484","58231400","393","10095","3308"
"test_0914","1759662485","58935200","393","10095","3308"
"test_0914","1759662486","58480800","393","10095","3308"
"test_0914","1759662487","58531000","393","10095","3308"
"test_0914","1759662488","58681900","393","10095","3308"
"test_0914","1759662489","58380800","393","10095","3307"
"test_0914","1759662490","58281100","393","10095","3308"
"test_0914","1759662491","58631500","393","10095","3307"
"test_0914","1759662493","58631500","393","10095","3307"
"test_0914","1759662494","58732400","393","10095","3307"
"test_0914","1759662495","58884400","393","10095","3307"
"test_0914","1759662496","58480800","393","10095","3307"
"test_0914","1759662497","58681900","393","10095","3306"
"test_0914","1759662498","58581200","393","10095","3306"
"test_0914","1759662499","58783000","393","10095","3306"
"test_0914","1759662500","58380800","393","10095","3306"
"test_0914","1759662501","58631500","393","10095","3306"
"test_0914","1759662502","58231400","393","10095","3306"
"test_0914","1759662503","58681900","393","10095","3306"
"test_0914","1759662504","58581200","393","10095","3306"
"test_0914","1759662505","58732400","393","10095","3305"
"test_0914","1759662506","58631500","393","10095","3305"
"test_0914","1759662507","58833600","393","10095","3305"
"test_0914","1759662509","58430800","393","10095","3305"
"test_0914","1759662510","58480800","393","10095","3305"
"test_0914","1759662511","58681900","393","10095","3305"
"test_0914","1759662512","58581200","393","10095","3305"
"test_0914","1759662513","58884400","393","10095","3304"
"test_0914","1759662514","58681900","393","10095","3304"
"test_0914","1759662515","58631500","393","10095","3304"
"test_0914","1759662516","58430800","393","10095","3304"
"test_0914","1759662517","58581200","393","10095","3304"
"test_0914","1759662518","58480800","393","10095","3304"
"test_0914","1759662519","58631500","393","10095","3303"
"test_0914","1759662520","58531000","393","10095","3303"
"test_0914","1759662521","58330900","393","10095","3303"
"test_0914","1759662522","58380800","393","10095","3303"
"test_0914","1759662524","58181800","394","10095","3303"